internal_61	C.01
internal_58	C.02
internal_57	C.03
internal_55	C.04
internal_53	C.05
internal_0	C.06
100	C.07
internal_52	C.08
internal_50	C.09
internal_45	C.10
internal_44	SLL_SLC_SP_DWR
internal_43	C.11
internal_41	C.12
internal_38	C.13
internal_36	C.14
internal_35	SLL_SLC_SP
internal_25	SLL_SLC
internal_18	SLL
internal_16	C.15
internal_12	C.16
internal_10	C.17
internal_8	C.18
internal_3	C.19
internal_2	C.20
internal_1	C.21
internal_7	C.22
internal_4	C.23
internal_6	C.24
internal_5	C.25
internal_9	C.26
internal_11	C.27
internal_15	C.28
internal_13	C.29
internal_14	C.30
internal_17	C.31
internal_24	SLC
internal_22	C.32
internal_19	C.33
internal_21	C.34
internal_20	C.35
internal_23	C.36
internal_34	SP
internal_32	C.37
internal_31	C.38
internal_30	C.39
internal_29	C.40
internal_28	C.41
internal_26	C.42
internal_27	C.43
internal_33	C.44
internal_37	C.45
internal_40	C.46
internal_39	C.47
internal_42	C.48
internal_49	C.49
internal_48	C.50
internal_47	C.51
internal_46	C.52
internal_51	C.53
internal_54	C.54
internal_56	C.55
internal_60	C.56
internal_59	C.57
