internal_61	B.01
internal_58	B.02
internal_57	B.03
100	B.04
internal_56	B.05
internal_0	B.06
internal_55	B.07
internal_2	B.08
internal_1	B.09
internal_54	B.10
internal_3	B.11
internal_53	B.12
internal_7	B.13
internal_6	B.14
internal_5	B.15
internal_4	B.16
internal_52	B.17
internal_51	SLL_SLC_SP_DWR
internal_50	B.18
internal_48	B.19
internal_45	B.20
internal_43	B.21
internal_42	SLL_SLC_SP
internal_41	B.22
internal_34	B.23
internal_33	B.24
internal_32	SLL_SLC
internal_25	SLL
internal_23	B.25
internal_10	B.26
internal_9	B.27
internal_8	B.28
internal_22	B.29
internal_18	B.30
internal_12	B.31
internal_11	B.32
internal_17	B.33
internal_15	B.34
internal_14	B.35
internal_13	B.36
internal_16	B.37
internal_21	B.38
internal_20	B.39
internal_19	B.40
internal_24	B.41
internal_31	SLC
internal_29	B.42
internal_27	B.43
internal_26	B.44
internal_28	B.45
internal_30	B.46
internal_40	B.47
internal_37	B.48
internal_35	B.49
internal_36	B.50
internal_39	B.51
internal_38	B.52
internal_44	B.53
internal_47	B.54
internal_46	B.55
internal_49	B.56
internal_60	B.57
internal_59	B.58
