internal_61	A.01
internal_0	A.02
100	A.03
internal_60	A.04
internal_59	A.05
internal_1	A.06
internal_58	A.07
internal_2	A.08
internal_57	A.09
internal_4	A.10
internal_3	A.11
internal_56	A.12
internal_5	A.13
internal_55	A.14
internal_9	A.15
internal_8	A.16
internal_7	A.17
internal_6	A.18
internal_54	A.19
internal_53	SLL_SLC_SP_DWR
internal_52	A.20
internal_10	A.21
internal_51	A.22
internal_48	A.23
internal_46	A.24
internal_45	SLL_SLC_SP
internal_44	A.25
internal_43	A.26
internal_40	A.27
internal_39	A.28
internal_37	A.29
internal_35	SLL_SLC
internal_28	SLL
internal_19	A.30
internal_15	A.31
internal_13	A.32
internal_12	A.33
internal_11	A.34
internal_14	A.35
internal_18	A.36
internal_16	A.37
internal_17	A.38
internal_27	A.39
internal_22	A.40
internal_21	A.41
internal_20	A.42
internal_26	A.43
internal_23	A.44
internal_25	A.45
internal_24	A.46
internal_34	SLC
internal_31	A.47
internal_29	A.48
internal_30	A.49
internal_33	A.50
internal_32	A.51
internal_36	A.52
internal_38	A.53
internal_42	A.54
internal_41	A.55
internal_47	A.56
internal_50	A.57
internal_49	A.58
