N0	F.01
N1	F.02
N3	F.03
N2	F.04
N4	F.05
N5	F.06
N6	F.07
N7	F.08
N8	F.09
N9	F.10
N11	F.11
N10	F.12
N12	F.13
N13	F.14
N14	F.15
N16	F.16
N18	F.17
N20	F.18
N15	F.19
N17	SLL_SLC_SP_DWR
N19	F.20
N21	F.21
N22	F.22
N23	F.23
N25	F.24
N24	F.25
N27	F.26
N26	F.27
N28	SLL_SLC_SP
N29	SLL_SLC
N31	F.28
N34	F.29
N38	F.30
N43	F.31
N71gp	F.32
N49	SLC
N53	F.33
N59	F.34
N58	F.35
N61	F.36
N54	F.37
N72gp	F.38
N55	F.39
N44	F.40
N39	F.41
N68gp	F.42
N46	F.43
N73gp	F.44
N69gp	F.45
N74gp	F.46
N60	F.47
N76gp	F.48
N32	F.49
N66gp	F.50
N30	SP
N33	F.51
N41	F.52
N48	F.53
N67gp	F.54
N42	F.55
N36	F.56
N70gp	F.57
N75gp	F.58
