A.01	1
A.02	2
A.04	3
A.03	4
A.05	5
A.06	6
A.07	7
A.08	8
A.09	9
A.10	10
A.12	11
A.11	12
A.13	13
A.14	14
A.15	15
A.19	16
A.16	17
'SLL_SLC_SP_DWR'	18
A.17	19
A.20	20
A.18	21
A.21	22
A.22	23
A.23	24
A.57	25
A.24	26
A.56	27
A.58	28
'SLL_SLC_SP'	29
A.25	30
A.26	31
A.27	32
A.54	33
A.28	34
A.55	35
A.29	36
A.53	37
'SLL_SLC'	38
A.52	39
SLL	40
SLC	41
A.30	42
A.39	43
A.47	44
A.50	45
A.31	46
A.36	47
A.40	48
A.43	49
A.48	50
A.49	51
A.51	52
A.32	53
A.35	54
A.37	55
A.38	56
A.41	57
A.44	58
A.45	59
A.33	60
A.42	61
A.46	62
A.34	63
