C.01	1
C.02	2
C.56	3
C.03	4
C.57	5
C.04	6
C.55	7
C.05	8
C.54	9
C.08	10
C.06	11
C.09	12
C.53	13
C.07	14
C.10	15
C.49	16
'SLL_SLC_SP_DWR'	17
C.50	18
C.11	19
C.51	20
C.12	21
C.48	22
C.52	23
C.13	24
C.46	25
C.14	26
C.45	27
C.47	28
'SLL_SLC_SP'	29
'SLL_SLC'	30
SP	31
SLL	32
SLC	33
C.37	34
C.44	35
C.15	36
C.31	37
C.32	38
C.36	39
C.38	40
C.16	41
C.28	42
C.33	43
C.34	44
C.39	45
C.17	46
C.27	47
C.29	48
C.30	49
C.35	50
C.40	51
C.18	52
C.26	53
C.41	54
C.19	55
C.22	56
C.42	57
C.43	58
C.20	59
C.23	60
C.24	61
C.21	62
C.25	63
